{
	"SpawnZone Available List": "BotZone",
	"Infiltration Available List": "Factory",

	"BotZone": [
		{
			"Comment": "pmc spawn near dead scav",
			"Position": [-33.0, 1.7, 8.0],
			"Rotation": 40.9173,
			"Sides": ["All"],
			"Categories": ["Bot"],
			"Infiltration": "",
			"DelayToCanSpawnSec": 5,
			"ColliderRadius": 20.0
		},
		{
			"Comment": "office room 2F 1",
			"Position": [12.4, 9.7, 39.2],
			"Rotation": 40.9173,
			"Sides": ["All"],
			"Categories": ["Bot"],
			"Infiltration": "",
			"DelayToCanSpawnSec": 5,
			"ColliderRadius": 20.0
		},
		{
			"Comment": "sinks",
			"Position": [14.9, 6.0, 47.1],
			"Rotation": 40.9173,
			"Sides": ["All"],
			"Categories": ["Bot"],
			"Infiltration": "",
			"DelayToCanSpawnSec": 5,
			"ColliderRadius": 20.0
		},
		{
			"Comment": "office room 2F 2",
			"Position": [19.9, 9.7, 39.6],
			"Rotation": 40.9173,
			"Sides": ["All"],
			"Categories": ["Bot"],
			"Infiltration": "",
			"DelayToCanSpawnSec": 5,
			"ColliderRadius": 20.0
		},
		{
			"Comment": "toilet",
			"Position": [23.6, 6.2, 48.3],
			"Rotation": 40.9173,
			"Sides": ["All"],
			"Categories": ["Bot"],
			"Infiltration": "",
			"DelayToCanSpawnSec": 5,
			"ColliderRadius": 20.0
		},
		{
			"Comment": "office overwalk",
			"Position": [35.0, 9.4, 32.2],
			"Rotation": 40.9173,
			"Sides": ["All"],
			"Categories": ["Bot"],
			"Infiltration": "",
			"DelayToCanSpawnSec": 5,
			"ColliderRadius": 20.0
		},
		{
			"Comment": "office 1F",
			"Position": [20.8, 2.6, 41.1],
			"Rotation": 40.9173,
			"Sides": ["All"],
			"Categories": ["Bot"],
			"Infiltration": "",
			"DelayToCanSpawnSec": 5,
			"ColliderRadius": 20.0
		},
		{
			"Comment": "main extract",
			"Position": [56.7, 1.7, 56.8],
			"Rotation": 40.9173,
			"Sides": ["All"],
			"Categories": ["Bot"],
			"Infiltration": "",
			"DelayToCanSpawnSec": 5,
			"ColliderRadius": 20.0
		},
		{
			"Comment": "windowed walkway",
			"Position": [69.3, 1.6, 6.2],
			"Rotation": 40.9173,
			"Sides": ["All"],
			"Categories": ["Bot"],
			"Infiltration": "",
			"DelayToCanSpawnSec": 5,
			"ColliderRadius": 20.0
		},
		{
			"Comment": "concrete alley",
			"Position": [36.6, 1.5, -39.8],
			"Rotation": 40.9173,
			"Sides": ["All"],
			"Categories": ["Bot"],
			"Infiltration": "",
			"DelayToCanSpawnSec": 5,
			"ColliderRadius": 20.0
		},
		{
			"Comment": "pmc spawn forklift 1",
			"Position": [67.9, 1.8, -53.7],
			"Rotation": 40.9173,
			"Sides": ["All"],
			"Categories": ["Bot"],
			"Infiltration": "",
			"DelayToCanSpawnSec": 5,
			"ColliderRadius": 20.0
		},
		{
			"Comment": "pmc spawn forklift 2",
			"Position": [68.5, 1.7, -62.1],
			"Rotation": 40.9173,
			"Sides": ["All"],
			"Categories": ["Bot"],
			"Infiltration": "",
			"DelayToCanSpawnSec": 5,
			"ColliderRadius": 20.0
		},
		{
			"Comment": "med extract",
			"Position": [-15.8, 1.7, -48.2],
			"Rotation": 40.9173,
			"Sides": ["All"],
			"Categories": ["Bot"],
			"Infiltration": "",
			"DelayToCanSpawnSec": 5,
			"ColliderRadius": 20.0
		},
		{
			"Comment": "tunnel extract 1",
			"Position": [44.8, -1.2, -34.2],
			"Rotation": 40.9173,
			"Sides": ["All"],
			"Categories": ["Bot"],
			"Infiltration": "",
			"DelayToCanSpawnSec": 5,
			"ColliderRadius": 20.0
		},
		{
			"Comment": "tunnel extract 2",
			"Position": [66.8, -1.1, -30.8],
			"Rotation": 40.9173,
			"Sides": ["All"],
			"Categories": ["Bot"],
			"Infiltration": "",
			"DelayToCanSpawnSec": 5,
			"ColliderRadius": 20.0
		},
		{
			"Comment": "top of pump room",
			"Position": [40.2, 7.9, -11.2],
			"Rotation": 40.9173,
			"Sides": ["All"],
			"Categories": ["Bot"],
			"Infiltration": "",
			"DelayToCanSpawnSec": 5,
			"ColliderRadius": 20.0
		},
		{
			"Comment": "high walkway 2",
			"Position": [-23.8, 9.9, 57.9],
			"Rotation": 40.9173,
			"Sides": ["All"],
			"Categories": ["Bot"],
			"Infiltration": "",
			"DelayToCanSpawnSec": 5,
			"ColliderRadius": 20.0
		},
		{
			"Comment": "high walkway 3",
			"Position": [-10.2, 9.9, 21.6],
			"Rotation": 40.9173,
			"Sides": ["All"],
			"Categories": ["Bot"],
			"Infiltration": "",
			"DelayToCanSpawnSec": 5,
			"ColliderRadius": 20.0
		},
		{
			"Comment": "high walkway 4",
			"Position": [18.5, 9.8, 8.6],
			"Rotation": 40.9173,
			"Sides": ["All"],
			"Categories": ["Bot"],
			"Infiltration": "",
			"DelayToCanSpawnSec": 5,
			"ColliderRadius": 20.0
		},
		{
			"Comment": "high walkway 5",
			"Position": [23.9, 9.8, 6.6],
			"Rotation": 40.9173,
			"Sides": ["All"],
			"Categories": ["Bot"],
			"Infiltration": "",
			"DelayToCanSpawnSec": 5,
			"ColliderRadius": 20.0
		},
		{
			"Comment": "high walkway 6",
			"Position": [-40.4, 9.0, 58.8],
			"Rotation": 40.9173,
			"Sides": ["All"],
			"Categories": ["Bot"],
			"Infiltration": "",
			"DelayToCanSpawnSec": 5,
			"ColliderRadius": 20.0
		}
	]
}