{
	"SpawnZone Available List": "ZoneRailStrorage, ZonePTOR1, ZonePTOR2, ZoneBarrack, ZoneBunkerStorage, ZoneSubStorage, ZoneSubCommand",
	"Infiltration Available List": "Common",

	"ZoneRailStrorage": [
		{
			"Comment": "watchtower south rails",
			"Position": [-3.9, 4.1, -203.5],
			"Rotation": 92.26318,
			"Sides": ["All"],
			"Categories": ["Bot"],
			"Infiltration": "",
			"DelayToCanSpawnSec": 5,
			"ColliderRadius": 10.0
		},
		{
			"Comment": "podium near scav extract",
			"Position": [-16.2, -4.1, -166.6],
			"Rotation": 92.26318,
			"Sides": ["All"],
			"Categories": ["Bot"],
			"Infiltration": "",
			"DelayToCanSpawnSec": 5,
			"ColliderRadius": 10.0
		},
		{
			"Comment": "container near scav extract",
			"Position": [-38.8, -5.4, -171.6],
			"Rotation": 92.26318,
			"Sides": ["All"],
			"Categories": ["Bot"],
			"Infiltration": "",
			"DelayToCanSpawnSec": 5,
			"ColliderRadius": 10.0
		},
		{
			"Comment": "train station west 1",
			"Position": [-51.2, -5.5, -140.3],
			"Rotation": 92.26318,
			"Sides": ["All"],
			"Categories": ["Bot"],
			"Infiltration": "",
			"DelayToCanSpawnSec": 5,
			"ColliderRadius": 10.0
		},
		{
			"Comment": "train station west 2",
			"Position": [-11.8, -3.6, -87.7],
			"Rotation": 92.26318,
			"Sides": ["All"],
			"Categories": ["Bot"],
			"Infiltration": "",
			"DelayToCanSpawnSec": 5,
			"ColliderRadius": 10.0
		},
		{
			"Comment": "train station west 3",
			"Position": [-19.1, -3.6, -113.9],
			"Rotation": 92.26318,
			"Sides": ["All"],
			"Categories": ["Bot"],
			"Infiltration": "",
			"DelayToCanSpawnSec": 5,
			"ColliderRadius": 10.0
		},
		{
			"Comment": "parking near scav extract",
			"Position": [-77.9, -5.6, -131.0],
			"Rotation": 92.26318,
			"Sides": ["All"],
			"Categories": ["Bot"],
			"Infiltration": "",
			"DelayToCanSpawnSec": 5,
			"ColliderRadius": 10.0
		},
		{
			"Comment": "container office near scav extract",
			"Position": [-106.2, -4.8, -96.3],
			"Rotation": 92.26318,
			"Sides": ["All"],
			"Categories": ["Bot"],
			"Infiltration": "",
			"DelayToCanSpawnSec": 5,
			"ColliderRadius": 10.0
		},
		{
			"Comment": "watchtower at scav extract",
			"Position": [-113.4, 4.3, -150.2],
			"Rotation": 92.26318,
			"Sides": ["All"],
			"Categories": ["Bot"],
			"Infiltration": "",
			"DelayToCanSpawnSec": 5,
			"ColliderRadius": 10.0
		},
		{
			"Comment": "scav extract",
			"Position": [-122.3, -5.4, -135.8],
			"Rotation": 92.26318,
			"Sides": ["All"],
			"Categories": ["Bot"],
			"Infiltration": "",
			"DelayToCanSpawnSec": 5,
			"ColliderRadius": 10.0
		}
	],

	"ZonePTOR1": [
		{
			"Comment": "kings workshop 1",
			"Position": [-45.9, 0.7, 15.4],
			"Rotation": 92.26318,
			"Sides": ["All"],
			"Categories": ["Bot"],
			"Infiltration": "",
			"DelayToCanSpawnSec": 5,
			"ColliderRadius": 10.0
		},
		{
			"Comment": "King 1F",
			"Position": [-63.7, -2.1, 4.5],
			"Rotation": 92.26318,
			"Sides": ["All"],
			"Categories": ["Bot"],
			"Infiltration": "",
			"DelayToCanSpawnSec": 5,
			"ColliderRadius": 10.0
		},
		{
			"Comment": "kings workshop 2",
			"Position": [-53.3, -2.4, 16.4],
			"Rotation": 92.26318,
			"Sides": ["All"],
			"Categories": ["Bot"],
			"Infiltration": "",
			"DelayToCanSpawnSec": 5,
			"ColliderRadius": 10.0
		},
		{
			"Comment": "king roof 1",
			"Position": [-54.0, 3.7, 37.2],
			"Rotation": 92.26318,
			"Sides": ["All"],
			"Categories": ["Bot"],
			"Infiltration": "",
			"DelayToCanSpawnSec": 5,
			"ColliderRadius": 10.0
		},
		{
			"Comment": "king roof 2",
			"Position": [-59.1, 4.4, 1.6],
			"Rotation": 92.26318,
			"Sides": ["All"],
			"Categories": ["Bot"],
			"Infiltration": "",
			"DelayToCanSpawnSec": 5,
			"ColliderRadius": 10.0
		},
		{
			"Comment": "king roof 3",
			"Position": [-72.6, 3.6, 19.3],
			"Rotation": 92.26318,
			"Sides": ["All"],
			"Categories": ["Bot"],
			"Infiltration": "",
			"DelayToCanSpawnSec": 5,
			"ColliderRadius": 10.0
		},
		{
			"Comment": "king roof 4",
			"Position": [-28.6, 5.7, 18.8],
			"Rotation": 92.26318,
			"Sides": ["All"],
			"Categories": ["Bot"],
			"Infiltration": "",
			"DelayToCanSpawnSec": 5,
			"ColliderRadius": 10.0
		},
		{
			"Comment": "knight roof 1",
			"Position": [26.1, 1.0, -6.0],
			"Rotation": 92.26318,
			"Sides": ["All"],
			"Categories": ["Bot"],
			"Infiltration": "",
			"DelayToCanSpawnSec": 5,
			"ColliderRadius": 10.0
		},
		{
			"Comment": "knight roof 2",
			"Position": [4.6, 0.5, -8.2],
			"Rotation": 92.26318,
			"Sides": ["All"],
			"Categories": ["Bot"],
			"Infiltration": "",
			"DelayToCanSpawnSec": 5,
			"ColliderRadius": 10.0
		},
		{
			"Comment": "knight 2F 1",
			"Position": [1.9, 0.5, -24.7],
			"Rotation": 92.26318,
			"Sides": ["All"],
			"Categories": ["Bot"],
			"Infiltration": "",
			"DelayToCanSpawnSec": 5,
			"ColliderRadius": 10.0
		},
		{
			"Comment": "knight 2F 2",
			"Position": [12.0, 0.5, -27.8],
			"Rotation": 92.26318,
			"Sides": ["All"],
			"Categories": ["Bot"],
			"Infiltration": "",
			"DelayToCanSpawnSec": 5,
			"ColliderRadius": 10.0
		},
		{
			"Comment": "knight 2F 3",
			"Position": [19.6, 0.5, -28.5],
			"Rotation": 92.26318,
			"Sides": ["All"],
			"Categories": ["Bot"],
			"Infiltration": "",
			"DelayToCanSpawnSec": 5,
			"ColliderRadius": 10.0
		},
		{
			"Comment": "knight gate",
			"Position": [21.0, -5.3, 35.4],
			"Rotation": 92.26318,
			"Sides": ["All"],
			"Categories": ["Bot"],
			"Infiltration": "",
			"DelayToCanSpawnSec": 5,
			"ColliderRadius": 10.0
		},
		{
			"Comment": "knight bedhouse",
			"Position": [60.3, -5.2, 64.0],
			"Rotation": 92.26318,
			"Sides": ["All"],
			"Categories": ["Bot"],
			"Infiltration": "",
			"DelayToCanSpawnSec": 5,
			"ColliderRadius": 10.0
		},
		{
			"Comment": "north watchtower",
			"Position": [57.6, -1.7, 102.0],
			"Rotation": 92.26318,
			"Sides": ["All"],
			"Categories": ["Bot"],
			"Infiltration": "",
			"DelayToCanSpawnSec": 5,
			"ColliderRadius": 10.0
		},
		{
			"Comment": "king underground storage room",
			"Position": [-69.2, -9.3, 25.8],
			"Rotation": 92.26318,
			"Sides": ["All"],
			"Categories": ["Bot"],
			"Infiltration": "",
			"DelayToCanSpawnSec": 5,
			"ColliderRadius": 10.0
		}
	],

	"ZonePTOR2": [
	],

	"ZoneBarrack": [
		{
			"Comment": "watchtower at scav extract",
			"Position": [-113.4, 4.3, -150.2],
			"Rotation": 92.26318,
			"Sides": ["All"],
			"Categories": ["Bot"],
			"Infiltration": "",
			"DelayToCanSpawnSec": 5,
			"ColliderRadius": 10.0
		},
		{
			"Comment": "scav extract 1",
			"Position": [-122.3, -5.4, -135.8],
			"Rotation": 92.26318,
			"Sides": ["All"],
			"Categories": ["Bot"],
			"Infiltration": "",
			"DelayToCanSpawnSec": 5,
			"ColliderRadius": 10.0
		},
		{
			"Comment": "scav extract 2",
			"Position": [-137.0, -2.3, -137.0],
			"Rotation": 92.26318,
			"Sides": ["All"],
			"Categories": ["Bot"],
			"Infiltration": "",
			"DelayToCanSpawnSec": 5,
			"ColliderRadius": 10.0
		},
		{
			"Comment": "scav extract 3",
			"Position": [-144.3, -5.6, -128.1],
			"Rotation": 92.26318,
			"Sides": ["All"],
			"Categories": ["Bot"],
			"Infiltration": "",
			"DelayToCanSpawnSec": 5,
			"ColliderRadius": 10.0
		},
		{
			"Comment": "south west corner 1",
			"Position": [-197.2, -3.3, -103.3],
			"Rotation": 92.26318,
			"Sides": ["All"],
			"Categories": ["Bot"],
			"Infiltration": "",
			"DelayToCanSpawnSec": 5,
			"ColliderRadius": 10.0
		},
		{
			"Comment": "south west corner 2",
			"Position": [-215.2, -3.9, -77.2],
			"Rotation": 92.26318,
			"Sides": ["All"],
			"Categories": ["Bot"],
			"Infiltration": "",
			"DelayToCanSpawnSec": 5,
			"ColliderRadius": 10.0
		},
		{
			"Comment": "south west corner bunker",
			"Position": [-266.0, -9.4, -76.2],
			"Rotation": 92.26318,
			"Sides": ["All"],
			"Categories": ["Bot"],
			"Infiltration": "",
			"DelayToCanSpawnSec": 5,
			"ColliderRadius": 10.0
		},
		{
			"Comment": "south west corner watchtower",
			"Position": [-291.7, 4.4, -86.2],
			"Rotation": 92.26318,
			"Sides": ["All"],
			"Categories": ["Bot"],
			"Infiltration": "",
			"DelayToCanSpawnSec": 5,
			"ColliderRadius": 10.0
		},
		{
			"Comment": "west corner bunker 1",
			"Position": [-215.0, -9.4, 50.7],
			"Rotation": 92.26318,
			"Sides": ["All"],
			"Categories": ["Bot"],
			"Infiltration": "",
			"DelayToCanSpawnSec": 5,
			"ColliderRadius": 10.0
		},
		{
			"Comment": "west corner bunker 2",
			"Position": [-248.2, -3.9, -6.6],
			"Rotation": 92.26318,
			"Sides": ["All"],
			"Categories": ["Bot"],
			"Infiltration": "",
			"DelayToCanSpawnSec": 5,
			"ColliderRadius": 10.0
		},
		{
			"Comment": "west watchtower",
			"Position": [-255.7, 1.3, 58.8],
			"Rotation": 92.26318,
			"Sides": ["All"],
			"Categories": ["Bot"],
			"Infiltration": "",
			"DelayToCanSpawnSec": 5,
			"ColliderRadius": 10.0
		},
		{
			"Comment": "black pawn 2F 1",
			"Position": [-172.1, 1.3, 43.8],
			"Rotation": 92.26318,
			"Sides": ["All"],
			"Categories": ["Bot"],
			"Infiltration": "",
			"DelayToCanSpawnSec": 5,
			"ColliderRadius": 10.0
		},
		{
			"Comment": "black pawn roof 1",
			"Position": [-152.6, 6.8, 71.3],
			"Rotation": 92.26318,
			"Sides": ["All"],
			"Categories": ["Bot"],
			"Infiltration": "",
			"DelayToCanSpawnSec": 5,
			"ColliderRadius": 10.0
		},
		{
			"Comment": "black pawn roof 2",
			"Position": [-159.4, 6.8, 46.9],
			"Rotation": 92.26318,
			"Sides": ["All"],
			"Categories": ["Bot"],
			"Infiltration": "",
			"DelayToCanSpawnSec": 5,
			"ColliderRadius": 10.0
		},
		{
			"Comment": "black pawn 2F 2",
			"Position": [-160.2, 3.9, 46.8],
			"Rotation": 92.26318,
			"Sides": ["All"],
			"Categories": ["Bot"],
			"Infiltration": "",
			"DelayToCanSpawnSec": 5,
			"ColliderRadius": 10.0
		},
		{
			"Comment": "black pawn 2F 3",
			"Position": [-164.8, 3.9, 71.0],
			"Rotation": 92.26318,
			"Sides": ["All"],
			"Categories": ["Bot"],
			"Infiltration": "",
			"DelayToCanSpawnSec": 5,
			"ColliderRadius": 10.0
		},
		{
			"Comment": "white pawn 1F",
			"Position": [-81.1, -1.9, 86.7],
			"Rotation": 92.26318,
			"Sides": ["All"],
			"Categories": ["Bot"],
			"Infiltration": "",
			"DelayToCanSpawnSec": 5,
			"ColliderRadius": 10.0
		},
		{
			"Comment": "white pawn 2F 1",
			"Position": [-85.9, 1.0, 82.1],
			"Rotation": 92.26318,
			"Sides": ["All"],
			"Categories": ["Bot"],
			"Infiltration": "",
			"DelayToCanSpawnSec": 5,
			"ColliderRadius": 10.0
		},
		{
			"Comment": "white pawn 2F 2",
			"Position": [-122.5, -1.9, 92.6],
			"Rotation": 92.26318,
			"Sides": ["All"],
			"Categories": ["Bot"],
			"Infiltration": "",
			"DelayToCanSpawnSec": 5,
			"ColliderRadius": 10.0
		},
		{
			"Comment": "white pawn roof 1",
			"Position": [-80.4, 6.8, 84.6],
			"Rotation": 92.26318,
			"Sides": ["All"],
			"Categories": ["Bot"],
			"Infiltration": "",
			"DelayToCanSpawnSec": 5,
			"ColliderRadius": 10.0
		},
		{
			"Comment": "white pawn 2F 3",
			"Position": [-96.6, 3.9, 97.4],
			"Rotation": 92.26318,
			"Sides": ["All"],
			"Categories": ["Bot"],
			"Infiltration": "",
			"DelayToCanSpawnSec": 5,
			"ColliderRadius": 10.0
		},
		{
			"Comment": "white pawn roof 2",
			"Position": [-98.3, 6.8, 95.8],
			"Rotation": 92.26318,
			"Sides": ["All"],
			"Categories": ["Bot"],
			"Infiltration": "",
			"DelayToCanSpawnSec": 5,
			"ColliderRadius": 10.0
		},
		{
			"Comment": "white pawn roof 3",
			"Position": [-124.7, 6.8, 92.3],
			"Rotation": 92.26318,
			"Sides": ["All"],
			"Categories": ["Bot"],
			"Infiltration": "",
			"DelayToCanSpawnSec": 5,
			"ColliderRadius": 10.0
		},
		{
			"Comment": "black bishop 1F",
			"Position": [-116.2, 1.0, 100.7],
			"Rotation": 92.26318,
			"Sides": ["All"],
			"Categories": ["Bot"],
			"Infiltration": "",
			"DelayToCanSpawnSec": 5,
			"ColliderRadius": 10.0
		},
		{
			"Comment": "black bishop roof 1",
			"Position": [-116.7, 0.5, -30.5],
			"Rotation": 92.26318,
			"Sides": ["All"],
			"Categories": ["Bot"],
			"Infiltration": "",
			"DelayToCanSpawnSec": 5,
			"ColliderRadius": 10.0
		},
		{
			"Comment": "black bishop roof 2",
			"Position": [-117.1, 0.2, -14.4],
			"Rotation": 92.26318,
			"Sides": ["All"],
			"Categories": ["Bot"],
			"Infiltration": "",
			"DelayToCanSpawnSec": 5,
			"ColliderRadius": 10.0
		},
		{
			"Comment": "black bishop underground storage",
			"Position": [-110.3, -7.9, -15.0],
			"Rotation": 92.26318,
			"Sides": ["All"],
			"Categories": ["Bot"],
			"Infiltration": "",
			"DelayToCanSpawnSec": 5,
			"ColliderRadius": 10.0
		},
		{
			"Comment": "outside queen",
			"Position": [-28.1, 20.0, 167.3],
			"Rotation": 92.26318,
			"Sides": ["All"],
			"Categories": ["Bot"],
			"Infiltration": "",
			"DelayToCanSpawnSec": 5,
			"ColliderRadius": 10.0
		},
		{
			"Comment": "queen square",
			"Position": [-29.6, 20.0, 186.9],
			"Rotation": 92.26318,
			"Sides": ["All"],
			"Categories": ["Bot"],
			"Infiltration": "",
			"DelayToCanSpawnSec": 5,
			"ColliderRadius": 10.0
		},
		{
			"Comment": "queen 1F",
			"Position": [-42.4, 20.1, 184.7],
			"Rotation": 92.26318,
			"Sides": ["All"],
			"Categories": ["Bot"],
			"Infiltration": "",
			"DelayToCanSpawnSec": 5,
			"ColliderRadius": 10.0
		},
		{
			"Comment": "queen -1F 1",
			"Position": [-43.8, 14.1, 184.6],
			"Rotation": 92.26318,
			"Sides": ["All"],
			"Categories": ["Bot"],
			"Infiltration": "",
			"DelayToCanSpawnSec": 5,
			"ColliderRadius": 10.0
		},
		{
			"Comment": "queen -1F 2",
			"Position": [-58.1, 14.1, 182.9],
			"Rotation": 92.26318,
			"Sides": ["All"],
			"Categories": ["Bot"],
			"Infiltration": "",
			"DelayToCanSpawnSec": 5,
			"ColliderRadius": 10.0
		},
		{
			"Comment": "queen 2F 1",
			"Position": [-0.8, 23.9, 169.9],
			"Rotation": 92.26318,
			"Sides": ["All"],
			"Categories": ["Bot"],
			"Infiltration": "",
			"DelayToCanSpawnSec": 5,
			"ColliderRadius": 10.0
		},
		{
			"Comment": "queen 2F 2",
			"Position": [-2.7, 20.4, 179.2],
			"Rotation": 92.26318,
			"Sides": ["All"],
			"Categories": ["Bot"],
			"Infiltration": "",
			"DelayToCanSpawnSec": 5,
			"ColliderRadius": 10.0
		},
		{
			"Comment": "queen 3F 1",
			"Position": [-7.1, 27.3, 179.2],
			"Rotation": 92.26318,
			"Sides": ["All"],
			"Categories": ["Bot"],
			"Infiltration": "",
			"DelayToCanSpawnSec": 5,
			"ColliderRadius": 10.0
		},
		{
			"Comment": "queen 3F 2",
			"Position": [-13.2, 27.3, 178.2],
			"Rotation": 92.26318,
			"Sides": ["All"],
			"Categories": ["Bot"],
			"Infiltration": "",
			"DelayToCanSpawnSec": 5,
			"ColliderRadius": 10.0
		},
		{
			"Comment": "queen roof 1",
			"Position": [-2.2, 31.0, 165.2],
			"Rotation": 92.26318,
			"Sides": ["All"],
			"Categories": ["Bot"],
			"Infiltration": "",
			"DelayToCanSpawnSec": 5,
			"ColliderRadius": 10.0
		},
		{
			"Comment": "queen roof 2",
			"Position": [-9.8, 34.2, 166.4],
			"Rotation": 92.26318,
			"Sides": ["All"],
			"Categories": ["Bot"],
			"Infiltration": "",
			"DelayToCanSpawnSec": 5,
			"ColliderRadius": 10.0
		},
		{
			"Comment": "queen roof 3",
			"Position": [-11.7, 31.1, 165.3],
			"Rotation": 92.26318,
			"Sides": ["All"],
			"Categories": ["Bot"],
			"Infiltration": "",
			"DelayToCanSpawnSec": 5,
			"ColliderRadius": 10.0
		},
		{
			"Comment": "queen to pawn 1",
			"Position": [-25.2, 14.6, 150.2],
			"Rotation": 92.26318,
			"Sides": ["All"],
			"Categories": ["Bot"],
			"Infiltration": "",
			"DelayToCanSpawnSec": 5,
			"ColliderRadius": 10.0
		},
		{
			"Comment": "queen to pawn 2",
			"Position": [-31.6, 6.7, 126.7],
			"Rotation": 92.26318,
			"Sides": ["All"],
			"Categories": ["Bot"],
			"Infiltration": "",
			"DelayToCanSpawnSec": 5,
			"ColliderRadius": 10.0
		}
	],

	"ZoneBunkerStorage": [
	{
			"Comment": "bunker to d2 1",
			"Position": [-58.6, -17.9, 105.8],
			"Rotation": 92.26318,
			"Sides": ["All"],
			"Categories": ["Bot"],
			"Infiltration": "",
			"DelayToCanSpawnSec": 5,
			"ColliderRadius": 5.0
		},
		{
			"Comment": "bunker to d2 2",
			"Position": [-66.4, -17.3, 92.0],
			"Rotation": 92.26318,
			"Sides": ["All"],
			"Categories": ["Bot"],
			"Infiltration": "",
			"DelayToCanSpawnSec": 5,
			"ColliderRadius": 5.0
		},
		{
			"Comment": "bunker to d2 3",
			"Position": [-79.5, -10.2, 66.5],
			"Rotation": 92.26318,
			"Sides": ["All"],
			"Categories": ["Bot"],
			"Infiltration": "",
			"DelayToCanSpawnSec": 5,
			"ColliderRadius": 5.0
		},
		{
			"Comment": "close to d2",
			"Position": [-89.9, -18.2, 122.7],
			"Rotation": 92.26318,
			"Sides": ["All"],
			"Categories": ["Bot"],
			"Infiltration": "",
			"DelayToCanSpawnSec": 5,
			"ColliderRadius": 5.0
		},
		{
			"Comment": "server room near d2",
			"Position": [-52.7, -13.2, 131.6],
			"Rotation": 92.26318,
			"Sides": ["All"],
			"Categories": ["Bot"],
			"Infiltration": "",
			"DelayToCanSpawnSec": 5,
			"ColliderRadius": 5.0
		},
		{
			"Comment": "pump room near d2",
			"Position": [-86.5, -14.7, 152.4],
			"Rotation": 92.26318,
			"Sides": ["All"],
			"Categories": ["Bot"],
			"Infiltration": "",
			"DelayToCanSpawnSec": 5,
			"ColliderRadius": 5.0
		},
		{
			"Comment": "workbench at d2",
			"Position": [-87.4, -18.0, 151.0],
			"Rotation": 92.26318,
			"Sides": ["All"],
			"Categories": ["Bot"],
			"Infiltration": "",
			"DelayToCanSpawnSec": 5,
			"ColliderRadius": 5.0
		},
		{
			"Comment": "d2 1",
			"Position": [-96.0, -16.9, 157.8],
			"Rotation": 92.26318,
			"Sides": ["All"],
			"Categories": ["Bot"],
			"Infiltration": "",
			"DelayToCanSpawnSec": 5,
			"ColliderRadius": 5.0
		},
		{
			"Comment": "d2 2",
			"Position": [-101.1, -17.0, 155.5],
			"Rotation": 92.26318,
			"Sides": ["All"],
			"Categories": ["Bot"],
			"Infiltration": "",
			"DelayToCanSpawnSec": 5,
			"ColliderRadius": 5.0
		},
		{
			"Comment": "d2 3",
			"Position": [-111.8, -14.3, 168.0],
			"Rotation": 92.26318,
			"Sides": ["All"],
			"Categories": ["Bot"],
			"Infiltration": "",
			"DelayToCanSpawnSec": 5,
			"ColliderRadius": 5.0
		},
		{
			"Comment": "d2 to queen 1",
			"Position": [-53.3, -2.8, 179.4],
			"Rotation": 92.26318,
			"Sides": ["All"],
			"Categories": ["Bot"],
			"Infiltration": "",
			"DelayToCanSpawnSec": 5,
			"ColliderRadius": 5.0
		},
		{
			"Comment": "d2 to queen 2",
			"Position": [-56.7, -14.4, 162.2],
			"Rotation": 92.26318,
			"Sides": ["All"],
			"Categories": ["Bot"],
			"Infiltration": "",
			"DelayToCanSpawnSec": 5,
			"ColliderRadius": 10.0
		}
	],

	"ZoneSubStorage": [
	],

	"ZoneSubCommand": [
		{
			"Comment": "black bishop underground storage",
			"Position": [-110.3, -7.9, -15.0],
			"Rotation": 92.26318,
			"Sides": ["All"],
			"Categories": ["Bot"],
			"Infiltration": "",
			"DelayToCanSpawnSec": 5,
			"ColliderRadius": 10.0
		},
		{
			"Comment": "black bishop underground food",
			"Position": [-139.2, -8.1, -24.7],
			"Rotation": 92.26318,
			"Sides": ["All"],
			"Categories": ["Bot"],
			"Infiltration": "",
			"DelayToCanSpawnSec": 5,
			"ColliderRadius": 10.0
		},
		{
			"Comment": "black bishop entry?",
			"Position": [-136.8, -10.1, 31.3],
			"Rotation": 92.26318,
			"Sides": ["All"],
			"Categories": ["Bot"],
			"Infiltration": "",
			"DelayToCanSpawnSec": 5,
			"ColliderRadius": 10.0
		},
		{
			"Comment": "black bishop underground workbench",
			"Position": [-166.5, -7.7, 30.9],
			"Rotation": 92.26318,
			"Sides": ["All"],
			"Categories": ["Bot"],
			"Infiltration": "",
			"DelayToCanSpawnSec": 5,
			"ColliderRadius": 10.0
		},
		{
			"Comment": "bunker marked room",
			"Position": [-112.7, -13.0, 25.4],
			"Rotation": 92.26318,
			"Sides": ["All"],
			"Categories": ["Bot"],
			"Infiltration": "",
			"DelayToCanSpawnSec": 5,
			"ColliderRadius": 10.0
		},
		{
			"Comment": "bunker side room",
			"Position": [-112.8, -13.1, 65.1],
			"Rotation": 92.26318,
			"Sides": ["All"],
			"Categories": ["Bot"],
			"Infiltration": "",
			"DelayToCanSpawnSec": 5,
			"ColliderRadius": 10.0
		},
		{
			"Comment": "bunker power switch",
			"Position": [-114.3, -13.0, 20.7],
			"Rotation": 92.26318,
			"Sides": ["All"],
			"Categories": ["Bot"],
			"Infiltration": "",
			"DelayToCanSpawnSec": 5,
			"ColliderRadius": 10.0
		},
		{
			"Comment": "bunker room with windows",
			"Position": [-121.8, -13.0, 35.0],
			"Rotation": 92.26318,
			"Sides": ["All"],
			"Categories": ["Bot"],
			"Infiltration": "",
			"DelayToCanSpawnSec": 5,
			"ColliderRadius": 10.0
		},
		{
			"Comment": "bunker workbench",
			"Position": [-81.1, -13.0, 24.3],
			"Rotation": 92.26318,
			"Sides": ["All"],
			"Categories": ["Bot"],
			"Infiltration": "",
			"DelayToCanSpawnSec": 5,
			"ColliderRadius": 10.0
		},
		{
			"Comment": "bunker old toilet",
			"Position": [-93.0, -13.3, 10.9],
			"Rotation": 92.26318,
			"Sides": ["All"],
			"Categories": ["Bot"],
			"Infiltration": "",
			"DelayToCanSpawnSec": 5,
			"ColliderRadius": 10.0
		},
		{
			"Comment": "bunker new toilet",
			"Position": [-97.5, -13.0, 19.0],
			"Rotation": 92.26318,
			"Sides": ["All"],
			"Categories": ["Bot"],
			"Infiltration": "",
			"DelayToCanSpawnSec": 5,
			"ColliderRadius": 10.0
		},
		{
			"Comment": "bunker under water",
			"Position": [-99.4, -13.8, 10.4],
			"Rotation": 92.26318,
			"Sides": ["All"],
			"Categories": ["Bot"],
			"Infiltration": "",
			"DelayToCanSpawnSec": 5,
			"ColliderRadius": 10.0
		},
		{
			"Comment": "bunker back office",
			"Position": [-111.0, -13.0, 19.3],
			"Rotation": 92.26318,
			"Sides": ["All"],
			"Categories": ["Bot"],
			"Infiltration": "",
			"DelayToCanSpawnSec": 5,
			"ColliderRadius": 10.0
		},
		{
			"Comment": "bunker to d2 1",
			"Position": [-58.6, -17.9, 105.8],
			"Rotation": 92.26318,
			"Sides": ["All"],
			"Categories": ["Bot"],
			"Infiltration": "",
			"DelayToCanSpawnSec": 5,
			"ColliderRadius": 10.0
		},
		{
			"Comment": "bunker to d2 2",
			"Position": [-66.4, -17.3, 92.0],
			"Rotation": 92.26318,
			"Sides": ["All"],
			"Categories": ["Bot"],
			"Infiltration": "",
			"DelayToCanSpawnSec": 5,
			"ColliderRadius": 10.0
		},
		{
			"Comment": "bunker to d2 3",
			"Position": [-79.5, -10.2, 66.5],
			"Rotation": 92.26318,
			"Sides": ["All"],
			"Categories": ["Bot"],
			"Infiltration": "",
			"DelayToCanSpawnSec": 5,
			"ColliderRadius": 10.0
		},
		{
			"Comment": "close to d2",
			"Position": [-89.9, -18.2, 122.7],
			"Rotation": 92.26318,
			"Sides": ["All"],
			"Categories": ["Bot"],
			"Infiltration": "",
			"DelayToCanSpawnSec": 5,
			"ColliderRadius": 10.0
		},
		{
			"Comment": "server room near d2",
			"Position": [-52.7, -13.2, 131.6],
			"Rotation": 92.26318,
			"Sides": ["All"],
			"Categories": ["Bot"],
			"Infiltration": "",
			"DelayToCanSpawnSec": 5,
			"ColliderRadius": 10.0
		},
		{
			"Comment": "pump room near d2",
			"Position": [-86.5, -14.7, 152.4],
			"Rotation": 92.26318,
			"Sides": ["All"],
			"Categories": ["Bot"],
			"Infiltration": "",
			"DelayToCanSpawnSec": 5,
			"ColliderRadius": 10.0
		},
		{
			"Comment": "workbench at d2",
			"Position": [-87.4, -18.0, 151.0],
			"Rotation": 92.26318,
			"Sides": ["All"],
			"Categories": ["Bot"],
			"Infiltration": "",
			"DelayToCanSpawnSec": 5,
			"ColliderRadius": 10.0
		},
		{
			"Comment": "d2 1",
			"Position": [-96.0, -16.9, 157.8],
			"Rotation": 92.26318,
			"Sides": ["All"],
			"Categories": ["Bot"],
			"Infiltration": "",
			"DelayToCanSpawnSec": 5,
			"ColliderRadius": 10.0
		},
		{
			"Comment": "d2 2",
			"Position": [-101.1, -17.0, 155.5],
			"Rotation": 92.26318,
			"Sides": ["All"],
			"Categories": ["Bot"],
			"Infiltration": "",
			"DelayToCanSpawnSec": 5,
			"ColliderRadius": 10.0
		},
		{
			"Comment": "d2 3",
			"Position": [-111.8, -14.3, 168.0],
			"Rotation": 92.26318,
			"Sides": ["All"],
			"Categories": ["Bot"],
			"Infiltration": "",
			"DelayToCanSpawnSec": 5,
			"ColliderRadius": 10.0
		},
		{
			"Comment": "d2 to queen 1",
			"Position": [-53.3, -2.8, 179.4],
			"Rotation": 92.26318,
			"Sides": ["All"],
			"Categories": ["Bot"],
			"Infiltration": "",
			"DelayToCanSpawnSec": 5,
			"ColliderRadius": 10.0
		},
		{
			"Comment": "d2 to queen 2",
			"Position": [-56.7, -14.4, 162.2],
			"Rotation": 92.26318,
			"Sides": ["All"],
			"Categories": ["Bot"],
			"Infiltration": "",
			"DelayToCanSpawnSec": 5,
			"ColliderRadius": 10.0
		},
		{
			"Comment": "d2 to queen 3",
			"Position": [-58.2, -14.4, 185.9],
			"Rotation": 92.26318,
			"Sides": ["All"],
			"Categories": ["Bot"],
			"Infiltration": "",
			"DelayToCanSpawnSec": 5,
			"ColliderRadius": 10.0
		},
		{
			"Comment": "king -1F",
			"Position": [-58.4, -9.2, 19.7],
			"Rotation": 92.26318,
			"Sides": ["All"],
			"Categories": ["Bot"],
			"Infiltration": "",
			"DelayToCanSpawnSec": 5,
			"ColliderRadius": 10.0
		},
		{
			"Comment": "king -1F storage room",
			"Position": [-69.2, -9.3, 25.8],
			"Rotation": 92.26318,
			"Sides": ["All"],
			"Categories": ["Bot"],
			"Infiltration": "",
			"DelayToCanSpawnSec": 5,
			"ColliderRadius": 10.0
		},
		{
			"Comment": "king hallway",
			"Position": [-67.3, -2.1, 31.3],
			"Rotation": 92.26318,
			"Sides": ["All"],
			"Categories": ["Bot"],
			"Infiltration": "",
			"DelayToCanSpawnSec": 5,
			"ColliderRadius": 10.0
		},
		{
			"Comment": "king 1F 1",
			"Position": [-68.1, -5.0, 26.8],
			"Rotation": 92.26318,
			"Sides": ["All"],
			"Categories": ["Bot"],
			"Infiltration": "",
			"DelayToCanSpawnSec": 5,
			"ColliderRadius": 10.0
		},
		{
			"Comment": "king 1F 2",
			"Position": [-45.0, 0.8, 32.9],
			"Rotation": 92.26318,
			"Sides": ["All"],
			"Categories": ["Bot"],
			"Infiltration": "",
			"DelayToCanSpawnSec": 5,
			"ColliderRadius": 10.0
		}
	]
}